{"cameraMode":{"drawMode":0,"name":"Shaded","section":"Shading Mode"},"sceneLighting":false,"audioPlay":false,"sceneViewState":{"m_AlwaysRefresh":false,"showFog":true,"showSkybox":false,"showFlares":true,"showImageEffects":true,"showParticleSystems":true,"showVisualEffectGraphs":true,"m_FxEnabled":true},"in2DMode":false,"pivot":{"x":1.934000015258789,"y":1.0806784629821778,"z":1.2054932117462159},"rotation":{"x":-0.22934122383594514,"y":0.6197944283485413,"z":-0.19622479379177094,"w":-0.7244126796722412},"size":0.6510307192802429,"orthographic":false}