{"cameraMode":{"drawMode":0,"name":"Shaded","section":"Shading Mode"},"sceneLighting":true,"audioPlay":false,"sceneViewState":{"m_AlwaysRefresh":false,"showFog":true,"showSkybox":true,"showFlares":true,"showImageEffects":true,"showParticleSystems":true,"showVisualEffectGraphs":true,"m_FxEnabled":true},"in2DMode":false,"pivot":{"x":0.02287578582763672,"y":1.3500001430511475,"z":-14.85494613647461},"rotation":{"x":-0.15533237159252168,"y":0.6861364841461182,"z":-0.15358375012874604,"w":-0.6939432621002197},"size":10.56011962890625,"orthographic":false}