{"cameraMode":{"drawMode":0,"name":"Shaded","section":"Shading Mode"},"sceneLighting":false,"audioPlay":false,"sceneViewState":{"m_AlwaysRefresh":false,"showFog":true,"showSkybox":false,"showFlares":true,"showImageEffects":true,"showParticleSystems":true,"showVisualEffectGraphs":true,"m_FxEnabled":true},"in2DMode":false,"pivot":{"x":13.17505931854248,"y":0.8329719305038452,"z":26.06592559814453},"rotation":{"x":-0.08127856254577637,"y":0.9168323278427124,"z":-0.30546802282333376,"w":-0.24396692216396333},"size":2.0268640518188478,"orthographic":false}