{"cameraMode":{"drawMode":0,"name":"Shaded","section":"Shading Mode"},"sceneLighting":true,"audioPlay":false,"sceneViewState":{"m_AlwaysRefresh":false,"showFog":true,"showSkybox":true,"showFlares":true,"showImageEffects":true,"showParticleSystems":true,"showVisualEffectGraphs":true,"m_FxEnabled":true},"in2DMode":false,"pivot":{"x":-0.33343786001205447,"y":0.00281369686126709,"z":-14.919084548950196},"rotation":{"x":-0.17388281226158143,"y":0.6675376892089844,"z":-0.16463860869407655,"w":-0.7050191760063171},"size":1.8998440504074097,"orthographic":false}