{"cameraMode":{"drawMode":0,"name":"Shaded","section":"Shading Mode"},"sceneLighting":false,"audioPlay":false,"sceneViewState":{"m_AlwaysRefresh":false,"showFog":true,"showSkybox":false,"showFlares":true,"showImageEffects":true,"showParticleSystems":true,"showVisualEffectGraphs":true,"m_FxEnabled":true},"in2DMode":false,"pivot":{"x":-1.5506086349487305,"y":-0.48578929901123049,"z":40.071189880371097},"rotation":{"x":0.15376150608062745,"y":-0.8460962176322937,"z":0.3693608045578003,"w":0.35222941637039187},"size":36.28594970703125,"orthographic":false}